42446;★ Bloodhound Gloves | Bronzed (Battle-Scarred)
42447;★ Bloodhound Gloves | Bronzed (Field-Tested)
42448;★ Bloodhound Gloves | Bronzed (Minimal Wear)
42449;★ Bloodhound Gloves | Bronzed (Well-Worn)
42450;★ Bloodhound Gloves | Charred (Battle-Scarred)
42451;★ Bloodhound Gloves | Charred (Field-Tested)
42452;★ Bloodhound Gloves | Charred (Minimal Wear)
42453;★ Bloodhound Gloves | Charred (Well-Worn)
42454;★ Bloodhound Gloves | Guerrilla (Battle-Scarred)
42455;★ Bloodhound Gloves | Guerrilla (Field-Tested)
42456;★ Bloodhound Gloves | Guerrilla (Minimal Wear)
42457;★ Bloodhound Gloves | Snakebite (Battle-Scarred)
42458;★ Bloodhound Gloves | Snakebite (Field-Tested)
42459;★ Bloodhound Gloves | Snakebite (Minimal Wear)
42460;★ Bloodhound Gloves | Snakebite (Well-Worn)
42597;★ Driver Gloves | Convoy (Battle-Scarred)
42598;★ Driver Gloves | Convoy (Field-Tested)
42599;★ Driver Gloves | Convoy (Minimal Wear)
42600;★ Driver Gloves | Convoy (Well-Worn)
42601;★ Driver Gloves | Crimson Weave (Battle-Scarred)
42602;★ Driver Gloves | Crimson Weave (Field-Tested)
42603;★ Driver Gloves | Crimson Weave (Minimal Wear)
42604;★ Driver Gloves | Crimson Weave (Well-Worn)
42605;★ Driver Gloves | Diamondback (Battle-Scarred)
42606;★ Driver Gloves | Diamondback (Factory New)
42607;★ Driver Gloves | Diamondback (Field-Tested)
42608;★ Driver Gloves | Diamondback (Minimal Wear)
42609;★ Driver Gloves | Diamondback (Well-Worn)
42610;★ Driver Gloves | Lunar Weave (Battle-Scarred)
42611;★ Driver Gloves | Lunar Weave (Field-Tested)
42612;★ Driver Gloves | Lunar Weave (Minimal Wear)
42874;★ Hand Wraps | Badlands (Battle-Scarred)
42875;★ Hand Wraps | Badlands (Field-Tested)
42876;★ Hand Wraps | Badlands (Minimal Wear)
42877;★ Hand Wraps | Badlands (Well-Worn)
42878;★ Hand Wraps | Leather (Battle-Scarred)
42879;★ Hand Wraps | Leather (Field-Tested)
42880;★ Hand Wraps | Leather (Minimal Wear)
42881;★ Hand Wraps | Leather (Well-Worn)
42882;★ Hand Wraps | Slaughter (Battle-Scarred)
42883;★ Hand Wraps | Slaughter (Field-Tested)
42884;★ Hand Wraps | Slaughter (Minimal Wear)
42885;★ Hand Wraps | Slaughter (Well-Worn)
42886;★ Hand Wraps | Spruce DDPAT (Battle-Scarred)
42887;★ Hand Wraps | Spruce DDPAT (Factory New)
42888;★ Hand Wraps | Spruce DDPAT (Field-Tested)
42889;★ Hand Wraps | Spruce DDPAT (Minimal Wear)
42890;★ Hand Wraps | Spruce DDPAT (Well-Worn)
43146;★ Moto Gloves | Boom! (Battle-Scarred)
43147;★ Moto Gloves | Boom! (Field-Tested)
43148;★ Moto Gloves | Boom! (Minimal Wear)
43149;★ Moto Gloves | Boom! (Well-Worn)
43150;★ Moto Gloves | Cool Mint (Battle-Scarred)
43151;★ Moto Gloves | Cool Mint (Field-Tested)
43152;★ Moto Gloves | Cool Mint (Minimal Wear)
43153;★ Moto Gloves | Cool Mint (Well-Worn)
43154;★ Moto Gloves | Eclipse (Battle-Scarred)
43155;★ Moto Gloves | Eclipse (Field-Tested)
43156;★ Moto Gloves | Eclipse (Minimal Wear)
43157;★ Moto Gloves | Eclipse (Well-Worn)
43158;★ Moto Gloves | Spearmint (Battle-Scarred)
43159;★ Moto Gloves | Spearmint (Field-Tested)
43160;★ Moto Gloves | Spearmint (Minimal Wear)
43161;★ Moto Gloves | Spearmint (Well-Worn)
43232;★ Specialist Gloves | Crimson Kimono (Battle-Scarred)
43233;★ Specialist Gloves | Crimson Kimono (Field-Tested)
43234;★ Specialist Gloves | Crimson Kimono (Minimal Wear)
43235;★ Specialist Gloves | Crimson Kimono (Well-Worn)
43236;★ Specialist Gloves | Emerald Web (Battle-Scarred)
43237;★ Specialist Gloves | Emerald Web (Field-Tested)
43238;★ Specialist Gloves | Emerald Web (Minimal Wear)
43239;★ Specialist Gloves | Emerald Web (Well-Worn)
43240;★ Specialist Gloves | Forest DDPAT (Battle-Scarred)
43241;★ Specialist Gloves | Forest DDPAT (Factory New)
43242;★ Specialist Gloves | Forest DDPAT (Field-Tested)
43243;★ Specialist Gloves | Forest DDPAT (Minimal Wear)
43244;★ Specialist Gloves | Forest DDPAT (Well-Worn)
43245;★ Specialist Gloves | Foundation (Battle-Scarred)
43246;★ Specialist Gloves | Foundation (Field-Tested)
43247;★ Specialist Gloves | Foundation (Minimal Wear)
43248;★ Specialist Gloves | Foundation (Well-Worn)
43249;★ Sport Gloves | Arid (Battle-Scarred)
43250;★ Sport Gloves | Arid (Factory New)
43251;★ Sport Gloves | Arid (Field-Tested)
43252;★ Sport Gloves | Arid (Minimal Wear)
43253;★ Sport Gloves | Arid (Well-Worn)
43254;★ Sport Gloves | Hedge Maze (Battle-Scarred)
43255;★ Sport Gloves | Hedge Maze (Field-Tested)
43256;★ Sport Gloves | Hedge Maze (Minimal Wear)
43257;★ Sport Gloves | Hedge Maze (Well-Worn)
43258;★ Sport Gloves | Pandora's Box (Battle-Scarred)
43259;★ Sport Gloves | Pandora's Box (Field-Tested)
43260;★ Sport Gloves | Pandora's Box (Well-Worn)
43261;★ Sport Gloves | Superconductor (Battle-Scarred)
43262;★ Sport Gloves | Superconductor (Field-Tested)
43263;★ Sport Gloves | Superconductor (Minimal Wear)
43264;★ Sport Gloves | Superconductor (Well-Worn)
43954;★ Bloodhound Gloves | Guerrilla (Well-Worn)
43955;★ Driver Gloves | Lunar Weave (Well-Worn)
44943;★ Moto Gloves | Boom! (Factory New)
44945;★ Specialist Gloves | Foundation (Factory New)
44999;★ Sport Gloves | Pandora's Box (Minimal Wear)
45376;★ Specialist Gloves | Mogul (Field-Tested)
45406;★ Driver Gloves | Imperial Plaid (Battle-Scarred)
45407;★ Driver Gloves | Overtake (Well-Worn)
45409;★ Hydra Gloves | Mangrove (Field-Tested)
45410;★ Hydra Gloves | Rattler (Field-Tested)
45411;★ Moto Gloves | Transport (Field-Tested)
45412;★ Specialist Gloves | Crimson Web (Field-Tested)
45413;★ Sport Gloves | Bronze Morph (Battle-Scarred)
45428;★ Driver Gloves | Racing Green (Battle-Scarred)
45431;★ Hydra Gloves | Case Hardened (Field-Tested)
45432;★ Moto Gloves | POW! (Field-Tested)
45439;★ Hydra Gloves | Case Hardened (Battle-Scarred)
45440;★ Sport Gloves | Amphibious (Minimal Wear)
45441;★ Sport Gloves | Bronze Morph (Field-Tested)
45451;★ Sport Gloves | Amphibious (Field-Tested)
45453;★ Bloodhound Gloves | Charred (Factory New)
45457;★ Moto Gloves | Spearmint (Factory New)
45461;★ Specialist Gloves | Emerald Web (Factory New)
45469;★ Driver Gloves | Racing Green (Field-Tested)
45472;★ Hydra Gloves | Rattler (Minimal Wear)
45473;★ Moto Gloves | Polygon (Field-Tested)
45485;★ Driver Gloves | King Snake (Battle-Scarred)
45486;★ Driver Gloves | King Snake (Minimal Wear)
45487;★ Moto Gloves | Polygon (Well-Worn)
45488;★ Moto Gloves | Turtle (Field-Tested)
45489;★ Moto Gloves | Turtle (Well-Worn)
45490;★ Specialist Gloves | Buckshot (Field-Tested)
45491;★ Specialist Gloves | Mogul (Battle-Scarred)
45492;★ Driver Gloves | Overtake (Field-Tested)
45493;★ Moto Gloves | Transport (Minimal Wear)
45495;★ Moto Gloves | POW! (Minimal Wear)
45496;★ Specialist Gloves | Fade (Well-Worn)
45497;★ Sport Gloves | Omega (Battle-Scarred)
45504;★ Driver Gloves | King Snake (Field-Tested)
45507;★ Hydra Gloves | Mangrove (Battle-Scarred)
45508;★ Specialist Gloves | Fade (Field-Tested)
45509;★ Sport Gloves | Omega (Field-Tested)
45512;★ Hydra Gloves | Mangrove (Minimal Wear)
45533;★ Driver Gloves | Overtake (Minimal Wear)
45534;★ Moto Gloves | Polygon (Minimal Wear)
45547;★ Bloodhound Gloves | Bronzed (Factory New)
45549;★ Driver Gloves | Imperial Plaid (Field-Tested)
45550;★ Driver Gloves | King Snake (Well-Worn)
45551;★ Driver Gloves | Racing Green (Minimal Wear)
45556;★ Hydra Gloves | Case Hardened (Minimal Wear)
45557;★ Hydra Gloves | Emerald (Battle-Scarred)
45558;★ Hydra Gloves | Emerald (Field-Tested)
45559;★ Hydra Gloves | Emerald (Well-Worn)
45560;★ Hydra Gloves | Mangrove (Well-Worn)
45561;★ Hydra Gloves | Rattler (Battle-Scarred)
45562;★ Moto Gloves | Polygon (Battle-Scarred)
45563;★ Moto Gloves | Transport (Battle-Scarred)
45564;★ Moto Gloves | Turtle (Battle-Scarred)
45565;★ Specialist Gloves | Buckshot (Minimal Wear)
45566;★ Specialist Gloves | Buckshot (Well-Worn)
45567;★ Specialist Gloves | Fade (Battle-Scarred)
45568;★ Specialist Gloves | Fade (Minimal Wear)
45569;★ Specialist Gloves | Mogul (Well-Worn)
45570;★ Sport Gloves | Bronze Morph (Well-Worn)
45571;★ Sport Gloves | Omega (Minimal Wear)
45577;★ Driver Gloves | Racing Green (Well-Worn)
45579;★ Hydra Gloves | Emerald (Minimal Wear)
45580;★ Moto Gloves | Transport (Well-Worn)
45581;★ Moto Gloves | Turtle (Minimal Wear)
45582;★ Sport Gloves | Vice (Field-Tested)
45595;★ Hydra Gloves | Case Hardened (Well-Worn)
45597;★ Sport Gloves | Amphibious (Battle-Scarred)
45602;★ Moto Gloves | POW! (Battle-Scarred)
45603;★ Sport Gloves | Bronze Morph (Minimal Wear)
45606;★ Specialist Gloves | Mogul (Minimal Wear)
45650;★ Specialist Gloves | Buckshot (Battle-Scarred)
45655;★ Driver Gloves | Imperial Plaid (Minimal Wear)
45656;★ Driver Gloves | Imperial Plaid (Well-Worn)
45657;★ Driver Gloves | Lunar Weave (Factory New)
45658;★ Driver Gloves | Overtake (Battle-Scarred)
162629;★ Sport Gloves | Vice (Minimal Wear)
422853;★ Specialist Gloves | Crimson Web (Minimal Wear)
422857;★ Sport Gloves | Amphibious (Well-Worn)
507467;★ Sport Gloves | Vice (Well-Worn)
645512;★ Specialist Gloves | Crimson Web (Well-Worn)
724419;★ Driver Gloves | Convoy (Factory New)
755611;★ Hydra Gloves | Rattler (Well-Worn)
755612;★ Sport Gloves | Vice (Battle-Scarred)
755616;★ Specialist Gloves | Crimson Web (Battle-Scarred)
755671;★ Moto Gloves | POW! (Well-Worn)
755679;★ Sport Gloves | Omega (Well-Worn)
755860;★ Hydra Gloves | Mangrove (Factory New)
755908;★ Sport Gloves | Pandora's Box (Factory New)
755937;★ Bloodhound Gloves | Guerrilla (Factory New)
756118;★ Sport Gloves | Vice (Factory New)
756175;★ Bloodhound Gloves | Snakebite (Factory New)
756195;★ Specialist Gloves | Mogul (Factory New)
756371;★ Sport Gloves | Superconductor (Factory New)
756402;★ Specialist Gloves | Crimson Web (Factory New)
756444;★ Driver Gloves | Imperial Plaid (Factory New)
756691;★ Moto Gloves | Eclipse (Factory New)
757169;★ Hydra Gloves | Emerald (Factory New)
757210;★ Hydra Gloves | Rattler (Factory New)
757228;★ Hydra Gloves | Case Hardened (Factory New)
757262;★ Moto Gloves | Cool Mint (Factory New)
757294;★ Driver Gloves | King Snake (Factory New)
757315;★ Driver Gloves | Crimson Weave (Factory New)
757532;★ Sport Gloves | Omega (Factory New)
757533;★ Sport Gloves | Hedge Maze (Factory New)
757534;★ Moto Gloves | Turtle (Factory New)
757697;★ Sport Gloves | Amphibious (Factory New)
757724;★ Driver Gloves | Racing Green (Factory New)
758165;★ Moto Gloves | Polygon (Factory New)
758271;★ Specialist Gloves | Fade (Factory New)
758350;★ Moto Gloves | POW! (Factory New)
759504;★ Specialist Gloves | Buckshot (Factory New)
759669;★ Driver Gloves | Overtake (Factory New)
761204;★ Specialist Gloves | Crimson Kimono (Factory New)
762713;★ Moto Gloves | Transport (Factory New)
767923;★ Sport Gloves | Bronze Morph (Factory New)
835686;★ Sport Gloves | Slingshot (Minimal Wear)
835732;★ Moto Gloves | Smoke Out (Field-Tested)
835747;★ Moto Gloves | Blood Pressure (Field-Tested)
835781;★ Driver Gloves | Black Tie (Field-Tested)
835782;★ Driver Gloves | Black Tie (Minimal Wear)
835810;★ Moto Gloves | 3rd Commando Company (Field-Tested)
835850;★ Specialist Gloves | Tiger Strike (Field-Tested)
835851;★ Broken Fang Gloves | Unhinged (Field-Tested)
835867;★ Sport Gloves | Slingshot (Field-Tested)
835873;★ Sport Gloves | Nocts (Field-Tested)
835874;★ Driver Gloves | Snow Leopard (Field-Tested)
835880;★ Broken Fang Gloves | Jade (Field-Tested)
835883;★ Sport Gloves | Scarlet Shamagh (Field-Tested)
835887;★ Broken Fang Gloves | Unhinged (Well-Worn)
835888;★ Moto Gloves | Finish Line (Field-Tested)
835889;★ Driver Gloves | Rezan the Red (Field-Tested)
835898;★ Sport Gloves | Big Game (Battle-Scarred)
835904;★ Broken Fang Gloves | Yellow-banded (Minimal Wear)
835931;★ Specialist Gloves | Marble Fade (Well-Worn)
835938;★ Sport Gloves | Big Game (Field-Tested)
835939;★ Specialist Gloves | Marble Fade (Field-Tested)
835940;★ Driver Gloves | Queen Jaguar (Field-Tested)
835948;★ Sport Gloves | Nocts (Battle-Scarred)
835950;★ Driver Gloves | Queen Jaguar (Well-Worn)
835952;★ Driver Gloves | Queen Jaguar (Minimal Wear)
835966;★ Broken Fang Gloves | Needle Point (Well-Worn)
835978;★ Moto Gloves | Finish Line (Minimal Wear)
835981;★ Broken Fang Gloves | Jade (Well-Worn)
835983;★ Specialist Gloves | Marble Fade (Battle-Scarred)
835985;★ Broken Fang Gloves | Needle Point (Field-Tested)
835988;★ Driver Gloves | Rezan the Red (Minimal Wear)
835993;★ Driver Gloves | Queen Jaguar (Battle-Scarred)
835996;★ Specialist Gloves | Lt. Commander (Minimal Wear)
836009;★ Broken Fang Gloves | Yellow-banded (Field-Tested)
836010;★ Specialist Gloves | Lt. Commander (Field-Tested)
836011;★ Moto Gloves | Smoke Out (Minimal Wear)
836015;★ Specialist Gloves | Field Agent (Field-Tested)
836016;★ Specialist Gloves | Field Agent (Minimal Wear)
836017;★ Driver Gloves | Black Tie (Battle-Scarred)
836018;★ Moto Gloves | 3rd Commando Company (Minimal Wear)
836026;★ Sport Gloves | Big Game (Minimal Wear)
836028;★ Sport Gloves | Scarlet Shamagh (Battle-Scarred)
836034;★ Broken Fang Gloves | Jade (Minimal Wear)
836040;★ Sport Gloves | Scarlet Shamagh (Well-Worn)
836041;★ Broken Fang Gloves | Needle Point (Battle-Scarred)
836042;★ Sport Gloves | Big Game (Well-Worn)
836055;★ Sport Gloves | Slingshot (Well-Worn)
836061;★ Moto Gloves | Smoke Out (Battle-Scarred)
836063;★ Moto Gloves | Finish Line (Well-Worn)
836069;★ Sport Gloves | Scarlet Shamagh (Minimal Wear)
836079;★ Broken Fang Gloves | Jade (Battle-Scarred)
836080;★ Sport Gloves | Nocts (Minimal Wear)
836085;★ Specialist Gloves | Marble Fade (Minimal Wear)
836089;★ Driver Gloves | Snow Leopard (Minimal Wear)
836090;★ Driver Gloves | Snow Leopard (Battle-Scarred)
836091;★ Sport Gloves | Nocts (Well-Worn)
836093;★ Sport Gloves | Slingshot (Battle-Scarred)
836099;★ Moto Gloves | Blood Pressure (Well-Worn)
836101;★ Moto Gloves | 3rd Commando Company (Battle-Scarred)
836103;★ Specialist Gloves | Tiger Strike (Battle-Scarred)
836111;★ Specialist Gloves | Field Agent (Battle-Scarred)
836113;★ Driver Gloves | Snow Leopard (Well-Worn)
836117;★ Moto Gloves | Blood Pressure (Minimal Wear)
836118;★ Specialist Gloves | Tiger Strike (Minimal Wear)
836122;★ Driver Gloves | Black Tie (Well-Worn)
836125;★ Specialist Gloves | Lt. Commander (Well-Worn)
836133;★ Driver Gloves | Rezan the Red (Well-Worn)
836178;★ Broken Fang Gloves | Yellow-banded (Battle-Scarred)
836185;★ Specialist Gloves | Field Agent (Well-Worn)
836190;★ Moto Gloves | Finish Line (Battle-Scarred)
836204;★ Moto Gloves | Blood Pressure (Battle-Scarred)
836211;★ Driver Gloves | Snow Leopard (Factory New)
836214;★ Moto Gloves | 3rd Commando Company (Well-Worn)
836243;★ Driver Gloves | Rezan the Red (Battle-Scarred)
836247;★ Moto Gloves | Smoke Out (Well-Worn)
836248;★ Broken Fang Gloves | Needle Point (Minimal Wear)
836253;★ Broken Fang Gloves | Yellow-banded (Well-Worn)
836259;★ Specialist Gloves | Tiger Strike (Well-Worn)
836263;★ Broken Fang Gloves | Unhinged (Minimal Wear)
836340;★ Broken Fang Gloves | Unhinged (Battle-Scarred)
836341;★ Specialist Gloves | Lt. Commander (Battle-Scarred)
836372;★ Broken Fang Gloves | Needle Point (Factory New)
836401;★ Driver Gloves | Rezan the Red (Factory New)
836408;★ Moto Gloves | Blood Pressure (Factory New)
836520;★ Broken Fang Gloves | Unhinged (Factory New)
836531;★ Moto Gloves | Finish Line (Factory New)
836568;★ Specialist Gloves | Marble Fade (Factory New)
837362;★ Broken Fang Gloves | Yellow-banded (Factory New)
837367;★ Sport Gloves | Big Game (Factory New)
837396;★ Moto Gloves | 3rd Commando Company (Factory New)
837419;★ Driver Gloves | Queen Jaguar (Factory New)
837430;★ Sport Gloves | Scarlet Shamagh (Factory New)
837514;★ Sport Gloves | Nocts (Factory New)
837536;★ Sport Gloves | Slingshot (Factory New)
838187;★ Specialist Gloves | Tiger Strike (Factory New)
838188;★ Driver Gloves | Black Tie (Factory New)
838230;★ Specialist Gloves | Lt. Commander (Factory New)
838331;★ Moto Gloves | Smoke Out (Factory New)
839130;★ Specialist Gloves | Field Agent (Factory New)
842580;★ Broken Fang Gloves | Jade (Factory New)
45408;★ Hand Wraps | Duct Tape (Well-Worn)
45429;★ Hand Wraps | Duct Tape (Field-Tested)
45430;★ Hand Wraps | Duct Tape (Minimal Wear)
45449;★ Hand Wraps | Arboreal (Battle-Scarred)
45450;★ Hand Wraps | Arboreal (Field-Tested)
45470;★ Hand Wraps | Arboreal (Well-Worn)
45471;★ Hand Wraps | Cobalt Skulls (Field-Tested)
45506;★ Hand Wraps | Arboreal (Minimal Wear)
45552;★ Hand Wraps | Cobalt Skulls (Battle-Scarred)
45553;★ Hand Wraps | Duct Tape (Battle-Scarred)
45554;★ Hand Wraps | Overprint (Battle-Scarred)
45555;★ Hand Wraps | Overprint (Well-Worn)
45578;★ Hand Wraps | Overprint (Field-Tested)
45596;★ Hand Wraps | Badlands (Factory New)
45605;★ Hand Wraps | Overprint (Minimal Wear)
422813;★ Hand Wraps | Cobalt Skulls (Minimal Wear)
755683;★ Hand Wraps | Leather (Factory New)
755859;★ Hand Wraps | Slaughter (Factory New)
755872;★ Hand Wraps | Arboreal (Factory New)
755893;★ Hand Wraps | Cobalt Skulls (Well-Worn)
757195;★ Hand Wraps | Duct Tape (Factory New)
759322;★ Hand Wraps | Cobalt Skulls (Factory New)
761881;★ Hand Wraps | Overprint (Factory New)
835879;★ Hand Wraps | CAUTION! (Field-Tested)
835886;★ Hand Wraps | Constrictor (Field-Tested)
835907;★ Hand Wraps | CAUTION! (Minimal Wear)
836001;★ Hand Wraps | Giraffe (Field-Tested)
836021;★ Hand Wraps | Constrictor (Battle-Scarred)
836030;★ Hand Wraps | Desert Shamagh (Minimal Wear)
836046;★ Hand Wraps | Desert Shamagh (Field-Tested)
836062;★ Hand Wraps | Desert Shamagh (Well-Worn)
836083;★ Hand Wraps | Giraffe (Battle-Scarred)
836095;★ Hand Wraps | Giraffe (Minimal Wear)
836114;★ Hand Wraps | Desert Shamagh (Battle-Scarred)
836140;★ Hand Wraps | CAUTION! (Well-Worn)
836145;★ Hand Wraps | CAUTION! (Battle-Scarred)
836156;★ Hand Wraps | Constrictor (Minimal Wear)
836158;★ Hand Wraps | Constrictor (Well-Worn)
836373;★ Hand Wraps | Giraffe (Well-Worn)
836541;★ Hand Wraps | Desert Shamagh (Factory New)
836553;★ Hand Wraps | Constrictor (Factory New)
838184;★ Hand Wraps | Giraffe (Factory New)
850627;★ Hand Wraps | CAUTION! (Factory New)
